userId,totalSessions,totalGameClicks,totalHits,totalPurchaseCount,totalExpenditure,totalAdClicks,avgGameClicks,avgHits,avgPurchaseCount,avgExpPerSession,avgAdClicks
2031,5,2271,227,0,0,0,454.2,45.4,0,0,0
2359,7,735,103,5,60,36,105,14.71428571,0.714285714,8.571428571,5.142857143
1796,3,1562,151,0,0,0,520.6666667,50.33333333,0,0,0
584,3,399,49,0,0,0,133,16.33333333,0,0,0
1148,3,306,39,0,0,0,102,13,0,0,0
1863,7,371,41,8,26,34,53,5.857142857,1.142857143,3.714285714,4.857142857
1321,2,176,14,4,63,13,88,7,2,31.5,6.5
1816,2,314,29,2,13,10,157,14.5,1,6.5,5
736,6,581,57,9,20,34,96.83333333,9.5,1.5,3.333333333,5.666666667
2289,5,1066,114,0,0,0,213.2,22.8,0,0,0
456,7,719,77,0,0,0,102.7142857,11,0,0,0
62,7,712,74,6,16,39,101.7142857,10.57142857,0.857142857,2.285714286,5.571428571
540,2,506,52,0,0,0,253,26,0,0,0
1222,4,342,33,0,0,0,85.5,8.25,0,0,0
1567,7,385,50,12,55,42,55,7.142857143,1.714285714,7.857142857,6
436,7,4392,494,6,43,35,627.4285714,70.57142857,0.857142857,6.142857143,5
41,1,94,10,0,0,1,94,10,0,0,1
717,3,278,33,5,5,17,92.66666667,11,1.666666667,1.666666667,5.666666667
1240,1,2,0,0,0,0,2,0,0,0,0
191,4,484,65,0,0,22,121,16.25,0,0,5.5
279,7,507,44,6,7,49,72.42857143,6.285714286,0.857142857,1,7
1688,7,696,99,0,0,0,99.42857143,14.14285714,0,0,0
1734,6,2094,212,6,14,36,349,35.33333333,1,2.333333333,6
2001,1,170,21,0,0,0,170,21,0,0,0
1615,7,1770,168,5,14,41,252.8571429,24,0.714285714,2,5.857142857
1803,5,2162,275,3,45,16,432.4,55,0.6,9,3.2
2033,2,575,80,0,0,0,287.5,40,0,0,0
2373,2,488,54,0,0,0,244,27,0,0,0
2303,3,583,58,0,0,10,194.3333333,19.33333333,0,0,3.333333333
1389,5,630,70,0,0,0,126,14,0,0,0
1958,7,393,46,6,54,27,56.14285714,6.571428571,0.857142857,7.714285714,3.857142857
1051,4,1040,108,2,15,13,260,27,0.5,3.75,3.25
1104,7,386,46,0,0,0,55.14285714,6.571428571,0,0,0
2379,7,626,66,5,22,36,89.42857143,9.428571429,0.714285714,3.142857143,5.142857143
2103,7,894,98,0,0,0,127.7142857,14,0,0,0
984,3,1328,123,2,2,11,442.6666667,41,0.666666667,0.666666667,3.666666667
582,1,30,1,0,0,2,30,1,0,0,2
1471,7,835,104,8,96,52,119.2857143,14.85714286,1.142857143,13.71428571,7.428571429
1308,1,111,8,1,1,5,111,8,1,1,5
1061,4,1454,161,3,7,11,363.5,40.25,0.75,1.75,2.75
101,7,400,28,0,0,0,57.14285714,4,0,0,0
2221,7,970,115,8,93,60,138.5714286,16.42857143,1.142857143,13.28571429,8.571428571
1019,7,2591,296,5,9,45,370.1428571,42.28571429,0.714285714,1.285714286,6.428571429
1445,3,518,66,1,10,14,172.6666667,22,0.333333333,3.333333333,4.666666667
1587,1,149,12,0,0,3,149,12,0,0,3
1930,2,268,25,0,0,0,134,12.5,0,0,0
1613,7,943,102,0,0,0,134.7142857,14.57142857,0,0,0
344,7,696,68,0,0,0,99.42857143,9.714285714,0,0,0
178,7,631,97,7,115,32,90.14285714,13.85714286,1,16.42857143,4.571428571
1472,1,59,4,1,10,2,59,4,1,10,2
1451,1,87,6,1,2,7,87,6,1,2,7
1215,7,893,95,0,0,0,127.5714286,13.57142857,0,0,0
1275,7,421,54,0,0,0,60.14285714,7.714285714,0,0,0
1666,2,250,31,0,0,0,125,15.5,0,0,0
1756,7,525,61,4,8,41,75,8.714285714,0.571428571,1.142857143,5.857142857
1277,7,530,63,8,35,31,75.71428571,9,1.142857143,5,4.428571429
2261,1,60,5,0,0,0,60,5,0,0,0
2177,7,1093,141,4,70,43,156.1428571,20.14285714,0.571428571,10,6.142857143
294,1,61,7,0,0,1,61,7,0,0,1
383,2,404,45,1,2,11,202,22.5,0.5,1,5.5
2132,7,609,85,6,71,43,87,12.14285714,0.857142857,10.14285714,6.142857143
639,7,1200,139,0,0,0,171.4285714,19.85714286,0,0,0
271,5,509,58,6,15,36,101.8,11.6,1.2,3,7.2
832,6,1469,141,0,0,0,244.8333333,23.5,0,0,0
855,6,932,137,8,125.01,33,155.3333333,22.83333333,1.333333333,20.835,5.5
1434,2,772,89,1,3,15,386,44.5,0.5,1.5,7.5
2309,1,4,0,0,0,0,4,0,0,0,0
1402,2,354,31,3,21.99,9,177,15.5,1.5,10.995,4.5
388,4,537,66,4,60,31,134.25,16.5,1,15,7.75
290,5,1180,100,0,0,0,236,20,0,0,0
975,1,208,24,0,0,0,208,24,0,0,0
1782,7,308,40,10,58,32,44,5.714285714,1.428571429,8.285714286,4.571428571
1027,7,541,63,14,169.01,43,77.28571429,9,2,24.14428571,6.142857143
2236,2,299,36,1,5,14,149.5,18,0.5,2.5,7
1241,5,709,72,5,82,35,141.8,14.4,1,16.4,7
1480,2,203,23,3,23.01,27,101.5,11.5,1.5,11.505,13.5
876,2,428,45,0,0,0,214,22.5,0,0,0
36,2,122,12,0,0,16,61,6,0,0,8
874,1,42,7,2,5,8,42,7,2,5,8
929,1,94,12,0,0,1,94,12,0,0,1
1572,1,22,5,0,0,0,22,5,0,0,0
801,7,825,109,6,100,39,117.8571429,15.57142857,0.857142857,14.28571429,5.571428571
1151,1,75,4,0,0,0,75,4,0,0,0
2253,4,954,124,0,0,0,238.5,31,0,0,0
1384,3,303,35,7,19,28,101,11.66666667,2.333333333,6.333333333,9.333333333
1759,6,1596,189,4,70.01,42,266,31.5,0.666666667,11.66833333,7
2308,1,33,6,0,0,0,33,6,0,0,0
1712,1,27,3,0,0,0,27,3,0,0,0
2025,1,87,8,1,5,2,87,8,1,5,2
1704,2,400,42,1,1,5,200,21,0.5,0.5,2.5
662,7,1492,143,0,0,0,213.1428571,20.42857143,0,0,0
1546,4,420,56,4,29,19,105,14,1,7.25,4.75
2182,5,1202,134,5,30,29,240.4,26.8,1,6,5.8
1932,2,126,13,0,0,0,63,6.5,0,0,0
1150,1,266,32,3,3,6,266,32,3,3,6
791,7,1254,127,0,0,0,179.1428571,18.14285714,0,0,0
1769,7,1981,237,5,73,43,283,33.85714286,0.714285714,10.42857143,6.142857143
1905,1,61,7,0,0,1,61,7,0,0,1
10,5,2918,324,7,8,17,583.6,64.8,1.4,1.6,3.4
1351,7,612,68,0,0,0,87.42857143,9.714285714,0,0,0
1836,2,71,5,0,0,8,35.5,2.5,0,0,4
1889,4,470,48,5,63,21,117.5,12,1.25,15.75,5.25
1464,1,184,23,3,60,8,184,23,3,60,8
1387,6,467,57,1,2,16,77.83333333,9.5,0.166666667,0.333333333,2.666666667
1256,7,549,55,0,0,0,78.42857143,7.857142857,0,0,0
1317,5,2604,313,0,0,0,520.8,62.6,0,0,0
186,3,813,92,1,3,17,271,30.66666667,0.333333333,1,5.666666667
1577,2,354,33,0,0,0,177,16.5,0,0,0
352,7,983,111,10,155.01,38,140.4285714,15.85714286,1.428571429,22.14428571,5.428571429
1000,6,3234,374,5,73,32,539,62.33333333,0.833333333,12.16666667,5.333333333
174,7,488,51,0,0,0,69.71428571,7.285714286,0,0,0
730,6,1814,180,0,0,0,302.3333333,30,0,0,0
1362,7,736,87,3,20,39,105.1428571,12.42857143,0.428571429,2.857142857,5.571428571
1520,1,17,2,0,0,1,17,2,0,0,1
1809,6,2731,294,3,9,29,455.1666667,49,0.5,1.5,4.833333333
1280,2,187,23,0,0,0,93.5,11.5,0,0,0
1928,7,738,80,0,0,0,105.4285714,11.42857143,0,0,0
375,6,3081,368,7,77,30,513.5,61.33333333,1.166666667,12.83333333,5
2101,1,73,9,0,0,0,73,9,0,0,0
2320,1,99,9,3,45,11,99,9,3,45,11
2059,2,154,13,0,0,0,77,6.5,0,0,0
1029,7,411,38,0,0,0,58.71428571,5.428571429,0,0,0
498,5,981,114,5,39,24,196.2,22.8,1,7.8,4.8
1121,3,312,30,0,0,0,104,10,0,0,0
471,7,484,69,11,182,45,69.14285714,9.857142857,1.571428571,26,6.428571429
1017,4,299,37,3,50.01,41,74.75,9.25,0.75,12.5025,10.25
2348,7,302,34,0,0,0,43.14285714,4.857142857,0,0,0
1804,7,631,73,7,65,31,90.14285714,10.42857143,1,9.285714286,4.428571429
1584,3,390,34,0,0,0,130,11.33333333,0,0,0
1954,2,145,16,5,9.01,4,72.5,8,2.5,4.505,2
1087,5,727,87,7,33,32,145.4,17.4,1.4,6.6,6.4
2071,1,128,9,0,0,7,128,9,0,0,7
2142,5,1044,133,6,22,42,208.8,26.6,1.2,4.4,8.4
1691,3,204,20,0,0,0,68,6.666666667,0,0,0
1535,7,1123,144,4,65,46,160.4285714,20.57142857,0.571428571,9.285714286,6.571428571
1139,7,1436,139,0,0,0,205.1428571,19.85714286,0,0,0
378,1,6,2,1,20,2,6,2,1,20,2
2032,7,638,59,11,17.99,35,91.14285714,8.428571429,1.571428571,2.57,5
1066,3,153,13,0,0,0,51,4.333333333,0,0,0
1685,5,284,41,0,0,0,56.8,8.2,0,0,0
1740,7,385,48,6,13,33,55,6.857142857,0.857142857,1.857142857,4.714285714
2282,4,333,34,0,0,0,83.25,8.5,0,0,0
1123,2,136,13,1,20,12,68,6.5,0.5,10,6
825,1,33,5,1,20,4,33,5,1,20,4
222,7,797,94,5,36.99,46,113.8571429,13.42857143,0.714285714,5.284285714,6.571428571
209,7,556,66,0,0,0,79.42857143,9.428571429,0,0,0
257,2,125,12,0,0,0,62.5,6,0,0,0
518,6,632,75,7,7,31,105.3333333,12.5,1.166666667,1.166666667,5.166666667
410,1,65,8,0,0,9,65,8,0,0,9
575,4,469,46,0,0,0,117.25,11.5,0,0,0
1237,1,117,18,0,0,0,117,18,0,0,0
947,7,707,90,0,0,0,101,12.85714286,0,0,0
2376,2,406,39,0,0,0,203,19.5,0,0,0
1513,7,713,93,0,0,0,101.8571429,13.28571429,0,0,0
2283,4,238,28,1,5,12,59.5,7,0.25,1.25,3
2269,3,1276,128,3,3,9,425.3333333,42.66666667,1,1,3
1140,2,554,47,0,0,0,277,23.5,0,0,0
2288,4,1364,151,0,0,0,341,37.75,0,0,0
1143,7,515,51,13,36.99,34,73.57142857,7.285714286,1.857142857,5.284285714,4.857142857
544,3,696,61,0,0,0,232,20.33333333,0,0,0
590,5,638,74,7,86.99,25,127.6,14.8,1.4,17.398,5
239,5,526,50,3,20,21,105.2,10,0.6,4,4.2
1201,4,386,50,3,50,26,96.5,12.5,0.75,12.5,6.5
1846,1,119,16,1,5,2,119,16,1,5,2
555,4,468,51,0,0,0,117,12.75,0,0,0
900,7,482,60,0,0,0,68.85714286,8.571428571,0,0,0
1356,4,316,33,0,0,0,79,8.25,0,0,0
1070,1,115,14,1,1,5,115,14,1,1,5
530,3,1241,132,3,9,11,413.6666667,44,1,3,3.666666667
1001,6,489,76,3,26,42,81.5,12.66666667,0.5,4.333333333,7
400,7,473,48,3,35,43,67.57142857,6.857142857,0.428571429,5,6.142857143
790,1,45,10,0,0,4,45,10,0,0,4
27,1,30,1,0,0,3,30,1,0,0,3
748,2,342,39,2,2,10,171,19.5,1,1,5
1875,2,218,22,0,0,0,109,11,0,0,0
538,7,368,27,0,0,0,52.57142857,3.857142857,0,0,0
2214,7,474,54,0,0,0,67.71428571,7.714285714,0,0,0
2307,7,2502,252,0,0,0,357.4285714,36,0,0,0
500,2,580,76,5,8,8,290,38,2.5,4,4
670,7,371,40,10,143.01,42,53,5.714285714,1.428571429,20.43,6
1552,1,76,7,3,27.99,1,76,7,3,27.99,1
79,1,78,8,2,2,8,78,8,2,2,8
160,7,553,46,0,0,0,79,6.571428571,0,0,0
1014,1,136,7,0,0,0,136,7,0,0,0
1430,7,686,76,0,0,0,98,10.85714286,0,0,0
404,3,1074,116,0,0,21,358,38.66666667,0,0,7
1636,2,317,29,4,25,11,158.5,14.5,2,12.5,5.5
2092,7,730,76,7,63,29,104.2857143,10.85714286,1,9,4.142857143
1868,5,982,101,0,0,0,196.4,20.2,0,0,0
449,4,276,35,0,0,0,69,8.75,0,0,0
489,7,734,75,0,0,0,104.8571429,10.71428571,0,0,0
1089,2,134,16,4,5,12,67,8,2,2.5,6
289,4,471,52,0,0,0,117.75,13,0,0,0
348,1,59,5,0,0,0,59,5,0,0,0
446,6,730,72,0,0,0,121.6666667,12,0,0,0
424,1,33,3,0,0,0,33,3,0,0,0
2044,4,511,52,0,0,0,127.75,13,0,0,0
277,6,512,59,3,45,40,85.33333333,9.833333333,0.5,7.5,6.666666667
157,7,306,30,4,53,29,43.71428571,4.285714286,0.571428571,7.571428571,4.142857143
1012,3,612,65,0,0,0,204,21.66666667,0,0,0
2048,7,1899,206,0,0,0,271.2857143,29.42857143,0,0,0
159,1,20,1,0,0,0,20,1,0,0,0
358,5,352,52,5,31.01,27,70.4,10.4,1,6.202,5.4
754,7,2296,234,4,12,37,328,33.42857143,0.571428571,1.714285714,5.285714286
787,7,641,59,0,0,0,91.57142857,8.428571429,0,0,0
1379,2,431,50,2,22,14,215.5,25,1,11,7
1352,3,708,77,0,0,0,236,25.66666667,0,0,0
2293,7,2497,274,6,60,33,356.7142857,39.14285714,0.857142857,8.571428571,4.714285714
1639,6,1806,225,9,135.01,40,301,37.5,1.5,22.50166667,6.666666667
1517,5,1382,129,0,0,0,276.4,25.8,0,0,0
1367,7,395,49,3,7,37,56.42857143,7,0.428571429,1,5.285714286
1729,1,174,18,0,0,7,174,18,0,0,7
170,1,64,7,0,0,1,64,7,0,0,1
447,1,59,2,0,0,0,59,2,0,0,0
1461,2,332,37,0,0,0,166,18.5,0,0,0
657,3,193,21,0,0,0,64.33333333,7,0,0,0
2346,2,596,51,2,6,10,298,25.5,1,3,5
1399,1,28,3,1,2,0,28,3,1,2,0
819,7,502,62,3,50,34,71.71428571,8.857142857,0.428571429,7.142857143,4.857142857
2252,7,804,81,0,0,0,114.8571429,11.57142857,0,0,0
1575,1,11,0,0,0,0,11,0,0,0,0
311,4,332,35,0,0,0,83,8.75,0,0,0
66,5,1415,154,1,3,29,283,30.8,0.2,0.6,5.8
1797,1,86,11,0,0,0,86,11,0,0,0
610,3,1534,160,0,0,0,511.3333333,53.33333333,0,0,0
1922,1,206,25,1,3,5,206,25,1,3,5
460,2,550,63,0,0,0,275,31.5,0,0,0
220,1,38,6,0,0,0,38,6,0,0,0
756,3,228,19,0,0,0,76,6.333333333,0,0,0
673,7,1195,116,0,0,0,170.7142857,16.57142857,0,0,0
64,1,95,6,0,0,0,95,6,0,0,0
628,1,36,3,2,21,3,36,3,2,21,3
699,7,473,52,0,0,0,67.57142857,7.428571429,0,0,0
1273,4,974,105,6,15,18,243.5,26.25,1.5,3.75,4.5
343,7,704,74,6,11.99,43,100.5714286,10.57142857,0.857142857,1.712857143,6.142857143
1267,3,370,34,0,0,0,123.3333333,11.33333333,0,0,0
2254,3,583,68,8,33,17,194.3333333,22.66666667,2.666666667,11,5.666666667
1941,2,192,18,4,7,9,96,9,2,3.5,4.5
1752,1,77,7,0,0,0,77,7,0,0,0
1808,3,386,38,0,0,0,128.6666667,12.66666667,0,0,0
777,2,139,12,0,0,0,69.5,6,0,0,0
2174,3,325,32,2,20,23,108.3333333,10.66666667,0.666666667,6.666666667,7.666666667
2057,1,105,15,1,3,1,105,15,1,3,1
2088,3,336,39,0,0,0,112,13,0,0,0
859,8,908,92,0,0,0,113.5,11.5,0,0,0
2279,7,511,60,0,0,0,73,8.571428571,0,0,0
669,6,591,64,0,0,0,98.5,10.66666667,0,0,0
211,1,101,7,0,0,0,101,7,0,0,0
340,1,182,19,0,0,0,182,19,0,0,0
1892,7,515,45,11,13,42,73.57142857,6.428571429,1.571428571,1.857142857,6
711,3,443,68,3,27,13,147.6666667,22.66666667,1,9,4.333333333
1304,7,701,92,2,23,37,100.1428571,13.14285714,0.285714286,3.285714286,5.285714286
981,1,36,9,1,10,0,36,9,1,10,0
397,5,1230,162,3,40,28,246,32.4,0.6,8,5.6
1824,2,535,48,0,0,0,267.5,24,0,0,0
1635,1,81,12,0,0,0,81,12,0,0,0
1665,7,937,88,0,0,0,133.8571429,12.57142857,0,0,0
2161,7,666,78,7,17,34,95.14285714,11.14285714,1,2.428571429,4.857142857
1468,4,656,68,3,43,22,164,17,0.75,10.75,5.5
2374,1,13,0,0,0,0,13,0,0,0,0
1338,2,249,28,3,50.01,13,124.5,14,1.5,25.005,6.5
441,5,494,46,0,0,0,98.8,9.2,0,0,0
68,7,385,40,6,14,34,55,5.714285714,0.857142857,2,4.857142857
1732,5,590,96,12,172,38,118,19.2,2.4,34.4,7.6
1944,6,1391,139,0,0,0,231.8333333,23.16666667,0,0,0
1278,7,775,96,0,0,0,110.7142857,13.71428571,0,0,0
2129,3,336,33,0,0,0,112,11,0,0,0
1695,1,140,13,0,0,0,140,13,0,0,0
2197,7,659,72,0,0,0,94.14285714,10.28571429,0,0,0
1190,5,1595,198,7,120.02,22,319,39.6,1.4,24.004,4.4
2080,4,2406,258,0,0,0,601.5,64.5,0,0,0
1770,1,123,16,2,3,12,123,16,2,3,12
1664,7,1260,131,0,0,0,180,18.71428571,0,0,0
2384,7,508,72,8,36.01,45,72.57142857,10.28571429,1.142857143,5.144285714,6.428571429
849,7,420,52,0,0,0,60,7.428571429,0,0,0
427,1,169,17,3,20.01,7,169,17,3,20.01,7
1297,1,10,1,0,0,3,10,1,0,0,3
2243,7,393,54,2,8,33,56.14285714,7.714285714,0.285714286,1.142857143,4.714285714
419,2,211,18,0,0,0,105.5,9,0,0,0
467,1,17,3,0,0,0,17,3,0,0,0
2305,4,470,53,0,0,0,117.5,13.25,0,0,0
2341,1,83,11,0,0,0,83,11,0,0,0
592,3,447,45,0,0,0,149,15,0,0,0
740,6,388,58,5,80.01,37,64.66666667,9.666666667,0.833333333,13.335,6.166666667
741,7,1064,117,5,13,44,152,16.71428571,0.714285714,1.857142857,6.285714286
703,4,443,38,0,0,0,110.75,9.5,0,0,0
1792,2,1082,107,0,0,12,541,53.5,0,0,6
2024,1,165,19,0,0,3,165,19,0,0,3
1175,7,1125,124,0,0,0,160.7142857,17.71428571,0,0,0
1583,3,922,93,4,12,12,307.3333333,31,1.333333333,4,4
134,2,695,84,3,8.01,12,347.5,42,1.5,4.005,6
1908,5,500,62,0,0,0,100,12.4,0,0,0
1397,1,45,8,0,0,2,45,8,0,0,2
2306,7,747,80,10,50.99,56,106.7142857,11.42857143,1.428571429,7.284285714,8
2230,5,637,84,3,24,31,127.4,16.8,0.6,4.8,6.2
305,3,206,18,5,17,24,68.66666667,6,1.666666667,5.666666667,8
411,7,506,50,0,0,0,72.28571429,7.142857143,0,0,0
28,7,388,37,0,0,0,55.42857143,5.285714286,0,0,0
1687,6,342,43,9,27,31,57,7.166666667,1.5,4.5,5.166666667
2205,2,242,20,0,0,13,121,10,0,0,6.5
25,7,597,69,0,0,0,85.28571429,9.857142857,0,0,0
1521,2,245,28,2,3,19,122.5,14,1,1.5,9.5
1225,3,324,44,0,0,0,108,14.66666667,0,0,0
1433,7,372,53,0,0,0,53.14285714,7.571428571,0,0,0
755,2,183,18,2,25,16,91.5,9,1,12.5,8
1496,1,53,6,0,0,4,53,6,0,0,4
1327,1,84,10,0,0,0,84,10,0,0,0
713,2,721,80,0,0,0,360.5,40,0,0,0
1844,7,911,106,0,0,0,130.1428571,15.14285714,0,0,0
150,5,1181,115,1,2,26,236.2,23,0.2,0.4,5.2
728,1,164,12,1,3,3,164,12,1,3,3
2168,2,177,22,0,0,0,88.5,11,0,0,0
1005,2,106,10,1,2,10,53,5,0.5,1,5
1448,1,127,9,0,0,0,127,9,0,0,0
1342,4,1176,117,0,0,0,294,29.25,0,0,0
1693,1,123,11,2,40,7,123,11,2,40,7
1016,7,2046,243,8,10,52,292.2857143,34.71428571,1.142857143,1.428571429,7.428571429
1018,6,1763,182,0,0,0,293.8333333,30.33333333,0,0,0
1634,6,2546,266,5,27,35,424.3333333,44.33333333,0.833333333,4.5,5.833333333
872,7,732,83,0,0,0,104.5714286,11.85714286,0,0,0
1298,5,924,93,0,0,0,184.8,18.6,0,0,0
256,5,1945,216,2,23,29,389,43.2,0.4,4.6,5.8
539,7,394,46,0,0,0,56.28571429,6.571428571,0,0,0
2016,3,981,107,2,21,12,327,35.66666667,0.666666667,7,4
930,2,148,17,0,0,0,74,8.5,0,0,0
1610,7,916,104,0,0,0,130.8571429,14.85714286,0,0,0
338,1,136,10,0,0,0,136,10,0,0,0
1057,7,728,92,0,0,0,104,13.14285714,0,0,0
1166,2,252,20,0,0,0,126,10,0,0,0
1489,4,471,43,4,59.99,13,117.75,10.75,1,14.9975,3.25
76,7,320,45,10,21,43,45.71428571,6.428571429,1.428571429,3,6.142857143
399,5,3225,350,4,17,33,645,70,0.8,3.4,6.6
1509,3,128,15,0,0,0,42.66666667,5,0,0,0
824,1,133,12,4,7,11,133,12,4,7,11
1371,1,741,64,1,2,4,741,64,1,2,4
899,7,1283,135,0,0,0,183.2857143,19.28571429,0,0,0
2081,4,562,63,6,40,24,140.5,15.75,1.5,10,6
1052,2,224,16,4,25,9,112,8,2,12.5,4.5
1376,3,310,28,0,0,0,103.3333333,9.333333333,0,0,0
2133,7,800,98,10,51,31,114.2857143,14,1.428571429,7.285714286,4.428571429
1592,2,164,22,0,0,0,82,11,0,0,0
2216,5,761,92,4,60,33,152.2,18.4,0.8,12,6.6
1504,2,223,18,2,3,8,111.5,9,1,1.5,4
2340,3,499,63,5,62,22,166.3333333,21,1.666666667,20.66666667,7.333333333
1026,7,626,72,5,70,41,89.42857143,10.28571429,0.714285714,10,5.857142857
204,7,292,37,0,0,0,41.71428571,5.285714286,0,0,0
16,8,2305,256,0,0,0,288.125,32,0,0,0
1199,7,751,62,0,0,0,107.2857143,8.857142857,0,0,0
2162,2,228,27,3,8,17,114,13.5,1.5,4,8.5
2053,7,702,79,0,0,0,100.2857143,11.28571429,0,0,0
1044,5,1761,238,3,35,15,352.2,47.6,0.6,7,3
439,4,379,33,2,25,27,94.75,8.25,0.5,6.25,6.75
175,7,518,55,0,0,0,74,7.857142857,0,0,0
1477,5,2839,348,9,100,26,567.8,69.6,1.8,20,5.2
1900,7,777,87,0,0,0,111,12.42857143,0,0,0
2355,7,806,94,9,122.99,38,115.1428571,13.42857143,1.285714286,17.57,5.428571429
1934,1,338,27,4,25,7,338,27,4,25,7
497,3,220,20,2,5,15,73.33333333,6.666666667,0.666666667,1.666666667,5
1542,2,313,29,0,0,0,156.5,14.5,0,0,0
433,1,34,2,0,0,4,34,2,0,0,4
1125,5,1701,200,4,9.99,17,340.2,40,0.8,1.998,3.4
306,7,927,100,4,4,42,132.4285714,14.28571429,0.571428571,0.571428571,6
39,5,436,48,0,0,0,87.2,9.6,0,0,0
841,7,910,77,0,0,0,130,11,0,0,0
2295,4,740,83,5,9,24,185,20.75,1.25,2.25,6
464,4,541,79,5,55,30,135.25,19.75,1.25,13.75,7.5
1845,2,721,80,0,0,0,360.5,40,0,0,0
910,5,424,50,0,0,0,84.8,10,0,0,0
8,2,207,24,3,33,6,103.5,12,1.5,16.5,3
504,7,404,51,6,45,32,57.71428571,7.285714286,0.857142857,6.428571429,4.571428571
1708,3,720,78,0,0,0,240,26,0,0,0
1306,4,791,83,0,0,0,197.75,20.75,0,0,0
2259,5,1618,171,2,2,19,323.6,34.2,0.4,0.4,3.8
261,4,355,49,1,10,18,88.75,12.25,0.25,2.5,4.5
969,3,372,32,3,45,17,124,10.66666667,1,15,5.666666667
726,3,356,35,6,100,22,118.6666667,11.66666667,2,33.33333333,7.333333333
293,1,171,20,2,20,3,171,20,2,20,3
2299,4,1413,157,4,12,20,353.25,39.25,1,3,5
1909,4,606,51,0,0,0,151.5,12.75,0,0,0
812,7,669,74,0,0,0,95.57142857,10.57142857,0,0,0
2357,4,1417,147,0,0,0,354.25,36.75,0,0,0
1022,7,262,25,15,43.01,42,37.42857143,3.571428571,2.142857143,6.144285714,6
2029,7,823,107,8,125.01,41,117.5714286,15.28571429,1.142857143,17.85857143,5.857142857
2386,2,221,26,1,3,8,110.5,13,0.5,1.5,4
1588,7,411,26,7,19,39,58.71428571,3.714285714,1,2.714285714,5.571428571
2298,1,35,3,0,0,0,35,3,0,0,0
468,1,42,3,0,0,0,42,3,0,0,0
1262,4,1248,160,4,6,16,312,40,1,1.5,4
765,3,231,24,7,105,23,77,8,2.333333333,35,7.666666667
1082,7,497,62,0,0,0,71,8.857142857,0,0,0
1783,2,226,26,0,0,6,113,13,0,0,3
1307,7,645,72,9,14,47,92.14285714,10.28571429,1.285714286,2,6.714285714
923,5,706,79,4,21,30,141.2,15.8,0.8,4.2,6
1183,7,1905,212,0,0,0,272.1428571,30.28571429,0,0,0
856,7,488,59,6,80,46,69.71428571,8.428571429,0.857142857,11.42857143,6.571428571
12,7,638,82,13,214.99,42,91.14285714,11.71428571,1.857142857,30.71285714,6
347,4,481,56,2,40,24,120.25,14,0.5,10,6
1790,7,651,60,0,0,0,93,8.571428571,0,0,0
1657,5,804,99,4,29,34,160.8,19.8,0.8,5.8,6.8
217,7,416,36,0,0,0,59.42857143,5.142857143,0,0,0
102,1,95,15,1,10,9,95,15,1,10,9
1457,7,681,65,9,10,31,97.28571429,9.285714286,1.285714286,1.428571429,4.428571429
161,4,1647,164,0,0,0,411.75,41,0,0,0
417,6,827,111,8,50,46,137.8333333,18.5,1.333333333,8.333333333,7.666666667
1701,6,1657,199,0,0,0,276.1666667,33.16666667,0,0,0
861,3,219,28,3,3,29,73,9.333333333,1,1,9.666666667
2194,7,1555,187,0,0,0,222.1428571,26.71428571,0,0,0
2222,7,770,106,12,136.01,42,110,15.14285714,1.714285714,19.43,6
531,4,1423,159,1,3,21,355.75,39.75,0.25,0.75,5.25
757,7,724,74,0,0,0,103.4285714,10.57142857,0,0,0
1418,7,4750,487,0,0,0,678.5714286,69.57142857,0,0,0
2354,7,662,65,0,0,0,94.57142857,9.285714286,0,0,0
1079,3,347,34,0,0,0,115.6666667,11.33333333,0,0,0
1890,7,838,79,0,0,0,119.7142857,11.28571429,0,0,0
93,7,664,70,0,0,0,94.85714286,10,0,0,0
867,7,735,108,8,110.01,30,105,15.42857143,1.142857143,15.71571429,4.285714286
767,3,223,25,4,29,26,74.33333333,8.333333333,1.333333333,9.666666667,8.666666667
604,6,1916,217,0,0,0,319.3333333,36.16666667,0,0,0
525,1,144,11,0,0,0,144,11,0,0,0
81,7,750,85,0,0,0,107.1428571,12.14285714,0,0,0
244,7,777,92,9,22,40,111,13.14285714,1.285714286,3.142857143,5.714285714
1355,3,933,97,0,0,0,311,32.33333333,0,0,0
1337,3,290,29,3,6,19,96.66666667,9.666666667,1,2,6.333333333
208,7,299,34,8,105.01,32,42.71428571,4.857142857,1.142857143,15.00142857,4.571428571
1436,7,622,65,4,14,30,88.85714286,9.285714286,0.571428571,2,4.285714286
1775,2,202,18,0,0,0,101,9,0,0,0
1858,1,152,10,0,0,0,152,10,0,0,0
229,4,3195,349,0,0,0,798.75,87.25,0,0,0
84,6,730,89,9,30.99,35,121.6666667,14.83333333,1.5,5.165,5.833333333
935,7,917,120,4,70,38,131,17.14285714,0.571428571,10,5.428571429
1003,3,337,39,0,0,0,112.3333333,13,0,0,0
1065,7,531,64,6,103,41,75.85714286,9.142857143,0.857142857,14.71428571,5.857142857
412,7,531,62,7,125,45,75.85714286,8.857142857,1,17.85714286,6.428571429
1081,6,560,63,0,0,0,93.33333333,10.5,0,0,0
1841,3,525,60,0,0,0,175,20,0,0,0
893,1,123,11,0,0,5,123,11,0,0,5
1500,6,1267,120,0,0,0,211.1666667,20,0,0,0
1068,5,681,77,0,0,0,136.2,15.4,0,0,0
415,7,273,26,2,25,48,39,3.714285714,0.285714286,3.571428571,6.857142857
1059,7,380,50,9,60,48,54.28571429,7.142857143,1.285714286,8.571428571,6.857142857
1560,7,842,94,0,0,0,120.2857143,13.42857143,0,0,0
60,7,292,28,0,0,0,41.71428571,4,0,0,0
1623,7,783,79,10,104,33,111.8571429,11.28571429,1.428571429,14.85714286,4.714285714
1815,8,2204,288,8,83,39,275.5,36,1,10.375,4.875
871,1,259,35,0,0,0,259,35,0,0,0
1731,7,624,48,0,0,0,89.14285714,6.857142857,0,0,0
268,1,52,7,0,0,0,52,7,0,0,0
769,7,344,28,5,15,43,49.14285714,4,0.714285714,2.142857143,6.142857143
954,2,526,46,0,0,0,263,23,0,0,0
1091,6,456,50,5,10,38,76,8.333333333,0.833333333,1.666666667,6.333333333
1093,6,941,105,3,9,45,156.8333333,17.5,0.5,1.5,7.5
2085,1,28,2,0,0,0,28,2,0,0,0
1682,5,620,58,0,0,0,124,11.6,0,0,0
242,7,497,51,0,0,0,71,7.285714286,0,0,0
1049,5,546,62,5,11,28,109.2,12.4,1,2.2,5.6
1173,7,369,44,0,0,0,52.71428571,6.285714286,0,0,0
1459,1,78,9,0,0,3,78,9,0,0,3
2056,4,2370,239,0,0,0,592.5,59.75,0,0,0
2187,4,206,25,0,0,0,51.5,6.25,0,0,0
2200,1,2,0,0,0,0,2,0,0,0,0
73,4,492,47,0,0,0,123,11.75,0,0,0
212,7,934,115,6,18,51,133.4285714,16.42857143,0.857142857,2.571428571,7.285714286
2353,7,782,75,0,0,0,111.7142857,10.71428571,0,0,0
564,7,392,38,8,8,48,56,5.428571429,1.142857143,1.142857143,6.857142857
648,1,125,12,0,0,0,125,12,0,0,0
94,2,435,53,0,0,0,217.5,26.5,0,0,0
720,3,365,30,0,0,0,121.6666667,10,0,0,0
1733,1,114,9,0,0,0,114,9,0,0,0
1146,6,1518,148,5,17,27,253,24.66666667,0.833333333,2.833333333,4.5
491,2,616,63,0,0,0,308,31.5,0,0,0
478,7,738,96,0,0,0,105.4285714,13.71428571,0,0,0
1485,7,708,90,2,40,47,101.1428571,12.85714286,0.285714286,5.714285714,6.714285714
1136,3,359,42,3,32,21,119.6666667,14,1,10.66666667,7
1422,4,414,50,9,50.01,22,103.5,12.5,2.25,12.5025,5.5
1035,7,667,76,0,0,0,95.28571429,10.85714286,0,0,0
827,7,813,88,5,58.01,49,116.1428571,12.57142857,0.714285714,8.287142857,7
450,1,4,0,0,0,0,4,0,0,0,0
1289,3,313,24,0,0,0,104.3333333,8,0,0,0
1383,4,471,57,0,0,0,117.75,14.25,0,0,0
2231,7,395,38,0,0,0,56.42857143,5.428571429,0,0,0
1530,2,226,29,1,10,7,113,14.5,0.5,5,3.5
1214,7,744,81,8,8,47,106.2857143,11.57142857,1.142857143,1.142857143,6.714285714
1318,7,751,83,4,55,46,107.2857143,11.85714286,0.571428571,7.857142857,6.571428571
1881,2,364,39,0,0,0,182,19.5,0,0,0
554,1,116,13,0,0,3,116,13,0,0,3
1632,2,309,30,0,0,0,154.5,15,0,0,0
1837,4,714,90,7,67,15,178.5,22.5,1.75,16.75,3.75
473,6,554,65,9,92,36,92.33333333,10.83333333,1.5,15.33333333,6
1538,7,343,50,6,77,35,49,7.142857143,0.857142857,11,5
286,3,249,30,6,60.01,18,83,10,2,20.00333333,6
920,5,656,65,0,0,0,131.2,13,0,0,0
2267,5,763,88,0,0,0,152.6,17.6,0,0,0
1246,4,2420,250,0,0,0,605,62.5,0,0,0
487,7,674,69,0,0,0,96.28571429,9.857142857,0,0,0
997,4,390,51,4,27,38,97.5,12.75,1,6.75,9.5
1235,2,367,39,0,0,11,183.5,19.5,0,0,5.5
1612,3,347,31,0,0,0,115.6666667,10.33333333,0,0,0
649,7,529,46,6,6,45,75.57142857,6.571428571,0.857142857,0.857142857,6.428571429
1224,7,463,51,0,0,0,66.14285714,7.285714286,0,0,0
2004,7,387,42,0,0,0,55.28571429,6,0,0,0
2360,2,40,6,0,0,0,20,3,0,0,0
2112,1,149,18,0,0,0,149,18,0,0,0
1811,3,246,26,5,80,19,82,8.666666667,1.666666667,26.66666667,6.333333333
1269,4,403,46,0,0,0,100.75,11.5,0,0,0
851,4,627,69,0,0,0,156.75,17.25,0,0,0
1112,1,185,19,1,1,4,185,19,1,1,4
313,3,678,77,2,5,14,226,25.66666667,0.666666667,1.666666667,4.666666667
1793,7,790,65,5,26,42,112.8571429,9.285714286,0.714285714,3.714285714,6
153,2,760,63,0,0,7,380,31.5,0,0,3.5
934,7,399,48,10,51,36,57,6.857142857,1.428571429,7.285714286,5.142857143
2332,2,315,34,2,5,1,157.5,17,1,2.5,0.5
475,1,109,11,0,0,0,109,11,0,0,0
2151,7,1447,143,0,0,0,206.7142857,20.42857143,0,0,0
379,5,226,19,0,0,0,45.2,3.8,0,0,0
90,7,271,37,5,16,42,38.71428571,5.285714286,0.714285714,2.285714286,6
1260,7,795,109,10,133.01,30,113.5714286,15.57142857,1.428571429,19.00142857,4.285714286
1413,3,576,59,0,0,0,192,19.66666667,0,0,0
0,4,1240,124,0,0,0,310,31,0,0,0
342,7,283,35,0,0,0,40.42857143,5,0,0,0
151,1,145,9,0,0,0,145,9,0,0,0
2365,4,578,65,3,3,34,144.5,16.25,0.75,0.75,8.5
770,7,624,73,6,80,38,89.14285714,10.42857143,0.857142857,11.42857143,5.428571429
896,7,1026,118,2,2,38,146.5714286,16.85714286,0.285714286,0.285714286,5.428571429
1661,1,37,7,0,0,0,37,7,0,0,0
1948,2,74,14,1,1,15,37,7,0.5,0.5,7.5
1145,7,875,93,10,33,39,125,13.28571429,1.428571429,4.714285714,5.571428571
630,7,542,64,0,0,0,77.42857143,9.142857143,0,0,0
663,2,203,25,3,14.01,12,101.5,12.5,1.5,7.005,6
1581,4,1052,113,9,58,29,263,28.25,2.25,14.5,7.25
1744,5,488,51,5,6,27,97.6,10.2,1,1.2,5.4
1205,7,368,42,8,23,32,52.57142857,6,1.142857143,3.285714286,4.571428571
181,7,380,41,0,0,0,54.28571429,5.857142857,0,0,0
1393,7,714,86,7,16,32,102,12.28571429,1,2.285714286,4.571428571
1167,1,1,0,0,0,0,1,0,0,0,0
2296,2,86,9,0,0,0,43,4.5,0,0,0
38,6,1425,155,2,30,27,237.5,25.83333333,0.333333333,5,4.5
70,1,313,30,0,0,0,313,30,0,0,0
1589,7,289,25,0,0,0,41.28571429,3.571428571,0,0,0
74,2,144,19,0,0,0,72,9.5,0,0,0
723,4,577,75,0,0,0,144.25,18.75,0,0,0
223,7,655,72,0,0,0,93.57142857,10.28571429,0,0,0
1591,7,854,99,0,0,0,122,14.14285714,0,0,0
1834,7,510,47,0,0,0,72.85714286,6.714285714,0,0,0
1929,2,224,27,1,10,8,112,13.5,0.5,5,4
1926,7,851,80,5,12,41,121.5714286,11.42857143,0.714285714,1.714285714,5.857142857
1765,2,175,14,3,9,11,87.5,7,1.5,4.5,5.5
281,2,218,21,5,34,11,109,10.5,2.5,17,5.5
253,7,630,80,5,13,50,90,11.42857143,0.714285714,1.857142857,7.142857143
2366,3,745,78,0,0,0,248.3333333,26,0,0,0
426,5,414,46,7,18,30,82.8,9.2,1.4,3.6,6
332,1,40,3,0,0,6,40,3,0,0,6
2017,3,1496,163,0,0,0,498.6666667,54.33333333,0,0,0
799,4,853,97,0,0,11,213.25,24.25,0,0,2.75
2030,7,739,85,6,9,42,105.5714286,12.14285714,0.857142857,1.285714286,6
494,3,821,85,0,0,0,273.6666667,28.33333333,0,0,0
2208,6,610,74,5,30,37,101.6666667,12.33333333,0.833333333,5,6.166666667
2067,3,407,45,0,0,0,135.6666667,15,0,0,0
1602,2,216,17,2,6,12,108,8.5,1,3,6
355,7,887,95,10,127.01,49,126.7142857,13.57142857,1.428571429,18.14428571,7
357,4,570,62,7,20,22,142.5,15.5,1.75,5,5.5
846,7,398,55,2,40,38,56.85714286,7.857142857,0.285714286,5.714285714,5.428571429
13,2,344,33,4,14,10,172,16.5,2,7,5
1085,7,827,79,5,6,43,118.1428571,11.28571429,0.714285714,0.857142857,6.142857143
847,4,280,36,0,0,0,70,9,0,0,0
1154,2,589,63,0,0,0,294.5,31.5,0,0,0
333,3,484,57,4,37,29,161.3333333,19,1.333333333,12.33333333,9.666666667
1142,7,1112,117,0,0,0,158.8571429,16.71428571,0,0,0
1328,1,42,3,0,0,12,42,3,0,0,12
23,6,1227,122,0,0,0,204.5,20.33333333,0,0,0
292,7,1287,136,0,0,0,183.8571429,19.42857143,0,0,0
784,6,1881,198,0,0,0,313.5,33,0,0,0
956,3,233,30,2,30,22,77.66666667,10,0.666666667,10,7.333333333
472,3,125,14,0,0,0,41.66666667,4.666666667,0,0,0
1827,2,222,18,0,0,0,111,9,0,0,0
428,1,3,0,0,0,0,3,0,0,0,0
852,7,299,46,0,0,0,42.71428571,6.571428571,0,0,0
860,6,498,48,0,0,0,83,8,0,0,0
1034,7,376,45,0,0,0,53.71428571,6.428571429,0,0,0
2227,3,348,35,7,66.01,19,116,11.66666667,2.333333333,22.00333333,6.333333333
1544,7,395,47,5,85,45,56.42857143,6.714285714,0.714285714,12.14285714,6.428571429
409,3,433,35,1,20,29,144.3333333,11.66666667,0.333333333,6.666666667,9.666666667
1528,3,348,30,0,0,0,116,10,0,0,0
2149,7,266,24,0,0,0,38,3.428571429,0,0,0
1669,7,940,104,0,0,0,134.2857143,14.85714286,0,0,0
448,6,642,67,7,18.01,29,107,11.16666667,1.166666667,3.001666667,4.833333333
462,7,897,104,7,21,45,128.1428571,14.85714286,1,3,6.428571429
2084,7,422,54,3,32,41,60.28571429,7.714285714,0.428571429,4.571428571,5.857142857
128,4,180,17,0,0,8,45,4.25,0,0,2
601,1,13,5,0,0,1,13,5,0,0,1
331,1,359,37,2,8,8,359,37,2,8,8
1320,7,959,112,4,45,35,137,16,0.571428571,6.428571429,5
821,2,163,20,0,0,0,81.5,10,0,0,0
1073,7,1078,119,0,0,0,154,17,0,0,0
931,7,818,88,5,5,38,116.8571429,12.57142857,0.714285714,0.714285714,5.428571429
1335,1,378,39,0,0,3,378,39,0,0,3
382,7,527,56,6,62,39,75.28571429,8,0.857142857,8.857142857,5.571428571
2264,2,385,33,0,0,0,192.5,16.5,0,0,0
1282,7,1037,108,0,0,0,148.1428571,15.42857143,0,0,0
199,6,629,63,0,0,0,104.8333333,10.5,0,0,0
2270,1,48,6,0,0,0,48,6,0,0,0
1381,7,866,82,0,0,0,123.7142857,11.71428571,0,0,0
403,4,384,54,4,80,23,96,13.5,1,20,5.75
37,3,716,68,0,0,0,238.6666667,22.66666667,0,0,0
1410,4,360,41,0,0,0,90,10.25,0,0,0
902,3,287,26,0,0,0,95.66666667,8.666666667,0,0,0
233,6,250,29,9,28.01,34,41.66666667,4.833333333,1.5,4.668333333,5.666666667
515,4,248,33,1,10,22,62,8.25,0.25,2.5,5.5
1742,8,717,75,0,0,0,89.625,9.375,0,0,0
164,1,1,0,0,0,0,1,0,0,0,0
2324,2,588,50,0,0,0,294,25,0,0,0
625,2,160,20,0,0,0,80,10,0,0,0
1991,3,638,77,2,40,12,212.6666667,25.66666667,0.666666667,13.33333333,4
1216,3,2196,245,0,0,0,732,81.66666667,0,0,0
2012,4,737,76,0,0,0,184.25,19,0,0,0
1950,2,168,18,0,0,0,84,9,0,0,0
296,4,1114,131,0,0,0,278.5,32.75,0,0,0
210,7,1118,123,7,23,44,159.7142857,17.57142857,1,3.285714286,6.285714286
2078,6,714,95,0,0,0,119,15.83333333,0,0,0
2190,3,281,28,5,9,17,93.66666667,9.333333333,1.666666667,3,5.666666667
2316,1,190,21,1,5,5,190,21,1,5,5
576,7,449,38,0,0,0,64.14285714,5.428571429,0,0,0
1127,2,164,23,0,0,0,82,11.5,0,0,0
1382,3,1707,201,1,1,5,569,67,0.333333333,0.333333333,1.666666667
808,2,450,45,4,12,16,225,22.5,2,6,8
1555,7,774,87,3,28,44,110.5714286,12.42857143,0.428571429,4,6.285714286
322,3,580,60,0,0,0,193.3333333,20,0,0,0
453,7,846,90,0,0,0,120.8571429,12.85714286,0,0,0
1721,6,481,49,6,8.01,26,80.16666667,8.166666667,1,1.335,4.333333333
1579,3,772,81,3,42,11,257.3333333,27,1,14,3.666666667
2127,7,442,62,6,10,46,63.14285714,8.857142857,0.857142857,1.428571429,6.571428571
1126,4,262,23,0,0,0,65.5,5.75,0,0,0
977,3,1055,129,4,60,14,351.6666667,43,1.333333333,20,4.666666667
1576,7,647,64,0,0,0,92.42857143,9.142857143,0,0,0
2047,1,326,35,0,0,0,326,35,0,0,0
2323,1,233,26,0,0,0,233,26,0,0,0
1690,4,544,60,7,10,34,136,15,1.75,2.5,8.5
2199,7,468,57,6,22,49,66.85714286,8.142857143,0.857142857,3.142857143,7
231,2,262,28,2,23,13,131,14,1,11.5,6.5
826,2,168,20,0,0,0,84,10,0,0,0
738,3,916,77,0,0,0,305.3333333,25.66666667,0,0,0
1884,6,1399,137,0,0,0,233.1666667,22.83333333,0,0,0
1159,1,15,2,0,0,2,15,2,0,0,2
1823,5,756,96,0,0,0,151.2,19.2,0,0,0
1886,2,345,36,0,0,17,172.5,18,0,0,8.5
75,5,216,31,0,0,0,43.2,6.2,0,0,0
2389,7,852,101,0,0,0,121.7142857,14.42857143,0,0,0
206,5,597,54,0,0,0,119.4,10.8,0,0,0
1512,2,609,80,3,45,11,304.5,40,1.5,22.5,5.5
2204,2,175,29,0,0,0,87.5,14.5,0,0,0
1107,2,289,32,0,0,0,144.5,16,0,0,0
2281,2,152,16,5,47,12,76,8,2.5,23.5,6
1807,7,1209,162,4,55,45,172.7142857,23.14285714,0.571428571,7.857142857,6.428571429
321,7,567,56,0,0,0,81,8,0,0,0
1270,7,693,87,5,70,39,99,12.42857143,0.714285714,10,5.571428571
1919,4,492,69,0,0,0,123,17.25,0,0,0
943,4,389,48,7,75,24,97.25,12,1.75,18.75,6
1820,3,421,44,0,0,0,140.3333333,14.66666667,0,0,0
2219,5,684,67,0,0,0,136.8,13.4,0,0,0
17,2,170,18,0,0,0,85,9,0,0,0
1234,7,590,73,7,42,36,84.28571429,10.42857143,1,6,5.142857143
810,7,745,80,7,26.01,36,106.4285714,11.42857143,1,3.715714286,5.142857143
2157,7,756,73,0,0,0,108,10.42857143,0,0,0
1243,7,739,83,0,0,0,105.5714286,11.85714286,0,0,0
243,7,615,58,9,10.98,52,87.85714286,8.285714286,1.285714286,1.568571429,7.428571429
180,3,324,24,0,0,0,108,8,0,0,0
445,7,648,76,7,22,37,92.57142857,10.85714286,1,3.142857143,5.285714286
800,6,934,94,0,0,0,155.6666667,15.66666667,0,0,0
1204,2,399,46,0,0,0,199.5,23,0,0,0
1630,7,778,98,0,0,0,111.1428571,14,0,0,0
1088,3,1954,219,0,0,0,651.3333333,73,0,0,0
1043,5,678,59,0,0,0,135.6,11.8,0,0,0
585,7,902,97,2,25,33,128.8571429,13.85714286,0.285714286,3.571428571,4.714285714
985,3,118,12,7,19,16,39.33333333,4,2.333333333,6.333333333,5.333333333
1629,7,845,75,0,0,0,120.7142857,10.71428571,0,0,0
1284,2,621,71,0,0,0,310.5,35.5,0,0,0
1510,7,847,89,0,0,0,121,12.71428571,0,0,0
1370,7,694,70,7,70,38,99.14285714,10,1,10,5.428571429
783,2,112,13,0,0,0,56,6.5,0,0,0
168,5,1072,132,3,50,25,214.4,26.4,0.6,10,5
2109,1,168,23,0,0,0,168,23,0,0,0
546,2,134,16,0,0,0,67,8,0,0,0
966,6,1096,122,0,0,0,182.6666667,20.33333333,0,0,0
2241,3,771,79,2,23,23,257,26.33333333,0.666666667,7.666666667,7.666666667
2361,3,245,31,2,30,17,81.66666667,10.33333333,0.666666667,10,5.666666667
252,4,533,53,0,0,0,133.25,13.25,0,0,0
1310,1,20,0,0,0,3,20,0,0,0,3
1686,1,115,16,2,30,2,115,16,2,30,2
2043,4,620,76,0,0,0,155,19,0,0,0
1953,3,264,30,4,4,18,88,10,1.333333333,1.333333333,6
2120,7,569,67,0,0,0,81.28571429,9.571428571,0,0,0
1404,7,709,79,7,29,48,101.2857143,11.28571429,1,4.142857143,6.857142857
820,7,539,62,6,16,40,77,8.857142857,0.857142857,2.285714286,5.714285714
1717,7,292,31,5,55,44,41.71428571,4.428571429,0.714285714,7.857142857,6.285714286
1502,5,1682,166,0,0,0,336.4,33.2,0,0,0
957,4,1621,179,4,18.99,16,405.25,44.75,1,4.7475,4
2244,3,288,37,4,40.01,14,96,12.33333333,1.333333333,13.33666667,4.666666667
1963,1,147,14,0,0,0,147,14,0,0,0
1101,1,48,1,0,0,0,48,1,0,0,0
1522,6,444,59,7,20,35,74,9.833333333,1.166666667,3.333333333,5.833333333
1674,7,1970,208,0,0,0,281.4285714,29.71428571,0,0,0
595,7,674,78,3,33,55,96.28571429,11.14285714,0.428571429,4.714285714,7.857142857
971,5,1024,104,4,19,28,204.8,20.8,0.8,3.8,5.6
367,7,615,61,9,10,39,87.85714286,8.714285714,1.285714286,1.428571429,5.571428571
529,1,26,3,0,0,0,26,3,0,0,0
1925,4,1479,167,2,21,10,369.75,41.75,0.5,5.25,2.5
65,6,515,56,7,24,35,85.83333333,9.333333333,1.166666667,4,5.833333333
1265,3,1350,145,0,0,0,450,48.33333333,0,0,0
1071,8,491,50,0,0,0,61.375,6.25,0,0,0
303,6,490,65,0,0,0,81.66666667,10.83333333,0,0,0
2154,2,288,27,2,40,3,144,13.5,1,20,1.5
2312,2,474,48,0,0,0,237,24,0,0,0
20,1,133,14,0,0,0,133,14,0,0,0
67,1,13,0,0,0,0,13,0,0,0,0
1722,1,46,6,0,0,4,46,6,0,0,4
1882,5,351,39,0,0,0,70.2,7.8,0,0,0
986,2,510,47,0,0,0,255,23.5,0,0,0
1862,1,30,3,0,0,0,30,3,0,0,0
1075,1,83,5,0,0,6,83,5,0,0,6
309,7,770,83,5,6,40,110,11.85714286,0.714285714,0.857142857,5.714285714
1360,6,537,68,9,145,34,89.5,11.33333333,1.5,24.16666667,5.666666667
1157,7,408,45,5,13,29,58.28571429,6.428571429,0.714285714,1.857142857,4.142857143
1543,1,43,6,0,0,0,43,6,0,0,0
1336,2,381,38,3,45,11,190.5,19,1.5,22.5,5.5
2090,2,178,15,1,20,7,89,7.5,0.5,10,3.5
1465,7,1502,176,4,8.01,38,214.5714286,25.14285714,0.571428571,1.144285714,5.428571429
1300,7,513,41,15,46,40,73.28571429,5.857142857,2.142857143,6.571428571,5.714285714
904,1,96,12,1,3,7,96,12,1,3,7
198,2,350,39,1,20,10,175,19.5,0.5,10,5
962,7,624,78,0,0,0,89.14285714,11.14285714,0,0,0
457,1,208,31,0,0,0,208,31,0,0,0
2318,6,600,57,0,0,0,100,9.5,0,0,0
1453,7,290,33,0,0,0,41.42857143,4.714285714,0,0,0
1178,1,126,11,0,0,0,126,11,0,0,0
2073,3,229,24,4,18.99,24,76.33333333,8,1.333333333,6.33,8
221,7,489,58,11,122.01,49,69.85714286,8.285714286,1.571428571,17.43,7
113,5,612,75,6,7,37,122.4,15,1.2,1.4,7.4
598,5,311,46,0,0,0,62.2,9.2,0,0,0
228,3,521,62,0,0,0,173.6666667,20.66666667,0,0,0
1805,1,130,13,0,0,5,130,13,0,0,5
1294,2,126,17,5,14,16,63,8.5,2.5,7,8
1525,7,604,74,6,75,39,86.28571429,10.57142857,0.857142857,10.71428571,5.571428571
6,1,90,5,0,0,0,90,5,0,0,0
1161,3,249,18,4,14.01,17,83,6,1.333333333,4.67,5.666666667
2382,7,758,95,0,0,0,108.2857143,13.57142857,0,0,0
624,7,860,113,11,137.99,39,122.8571429,16.14285714,1.571428571,19.71285714,5.571428571
1403,3,363,53,6,100,25,121,17.66666667,2,33.33333333,8.333333333
579,4,1757,198,2,4,9,439.25,49.5,0.5,1,2.25
1880,5,660,63,3,3,37,132,12.6,0.6,0.6,7.4
1106,1,129,10,0,0,0,129,10,0,0,0
1935,6,430,41,1,2,39,71.66666667,6.833333333,0.166666667,0.333333333,6.5
949,1,23,2,0,0,1,23,2,0,0,1
868,7,469,63,9,150,38,67,9,1.285714286,21.42857143,5.428571429
1676,5,475,34,0,0,0,95,6.8,0,0,0
1777,4,403,46,0,0,0,100.75,11.5,0,0,0
184,7,671,79,0,0,0,95.85714286,11.28571429,0,0,0
511,7,845,106,5,100,40,120.7142857,15.14285714,0.714285714,14.28571429,5.714285714
110,1,197,21,0,0,0,197,21,0,0,0
537,2,162,18,0,0,0,81,9,0,0,0
1848,4,199,25,0,0,0,49.75,6.25,0,0,0
915,2,192,28,1,5,16,96,14,0.5,2.5,8
828,1,64,6,1,10,6,64,6,1,10,6
2212,7,681,80,6,27,43,97.28571429,11.42857143,0.857142857,3.857142857,6.142857143
1966,7,981,119,1,10,38,140.1428571,17,0.142857143,1.428571429,5.428571429
339,3,463,55,0,0,0,154.3333333,18.33333333,0,0,0
1484,3,207,26,4,9.99,17,69,8.666666667,1.333333333,3.33,5.666666667
1656,3,809,79,0,0,0,269.6666667,26.33333333,0,0,0
2336,5,1183,129,1,1,28,236.6,25.8,0.2,0.2,5.6
29,2,109,16,4,55,13,54.5,8,2,27.5,6.5
422,6,497,40,0,0,0,82.83333333,6.666666667,0,0,0
1111,6,2079,226,5,18,31,346.5,37.66666667,0.833333333,3,5.166666667
1155,7,824,114,7,64.99,46,117.7142857,16.28571429,1,9.284285714,6.571428571
2275,3,525,64,0,0,0,175,21.33333333,0,0,0
1700,1,109,5,0,0,0,109,5,0,0,0
715,3,210,28,4,55.01,21,70,9.333333333,1.333333333,18.33666667,7
2153,2,311,29,1,10,15,155.5,14.5,0.5,5,7.5
2229,7,468,54,15,223.01,34,66.85714286,7.714285714,2.142857143,31.85857143,4.857142857
2278,4,306,37,5,53,21,76.5,9.25,1.25,13.25,5.25
2250,2,238,28,0,0,0,119,14,0,0,0
873,3,1651,180,0,0,0,550.3333333,60,0,0,0
1326,7,409,45,0,0,0,58.42857143,6.428571429,0,0,0
2260,1,74,10,1,20,4,74,10,1,20,4
1226,4,247,33,4,13.01,22,61.75,8.25,1,3.2525,5.5
881,7,365,41,10,148,39,52.14285714,5.857142857,1.428571429,21.14285714,5.571428571
142,2,92,11,0,0,0,46,5.5,0,0,0
937,3,145,14,1,1,9,48.33333333,4.666666667,0.333333333,0.333333333,3
1097,5,1082,119,6,78,29,216.4,23.8,1.2,15.6,5.8
2124,1,73,4,0,0,0,73,4,0,0,0
914,4,1201,138,5,5,14,300.25,34.5,1.25,1.25,3.5
1719,4,758,74,3,6,32,189.5,18.5,0.75,1.5,8
2203,7,726,84,0,0,0,103.7142857,12,0,0,0
437,7,549,64,0,0,0,78.42857143,9.142857143,0,0,0
1454,1,5,0,0,0,0,5,0,0,0,0
668,4,630,85,0,0,0,157.5,21.25,0,0,0
844,7,297,28,5,60,35,42.42857143,4,0.714285714,8.571428571,5
534,7,310,38,0,0,0,44.28571429,5.428571429,0,0,0
2297,6,774,81,0,0,0,129,13.5,0,0,0
880,3,174,15,0,0,0,58,5,0,0,0
967,2,96,5,0,0,3,48,2.5,0,0,1.5
973,5,1676,188,5,67,20,335.2,37.6,1,13.4,4
1645,7,879,90,6,14,36,125.5714286,12.85714286,0.857142857,2,5.142857143
1937,3,408,34,1,2,14,136,11.33333333,0.333333333,0.666666667,4.666666667
1227,7,803,85,0,0,0,114.7142857,12.14285714,0,0,0
1684,7,780,84,0,0,0,111.4285714,12,0,0,0
432,1,32,3,0,0,0,32,3,0,0,0
941,2,110,12,1,3,9,55,6,0.5,1.5,4.5
600,7,884,91,0,0,0,126.2857143,13,0,0,0
1874,7,407,42,8,41,35,58.14285714,6,1.142857143,5.857142857,5
1114,2,250,29,0,0,9,125,14.5,0,0,4.5
1821,7,1926,190,6,7,46,275.1428571,27.14285714,0.857142857,1,6.571428571
2008,1,37,4,0,0,0,37,4,0,0,0
2117,2,127,12,1,10,8,63.5,6,0.5,5,4
1536,1,119,12,0,0,1,119,12,0,0,1
1162,7,1173,158,13,52.99,32,167.5714286,22.57142857,1.857142857,7.57,4.571428571
1206,7,1035,122,3,26,40,147.8571429,17.42857143,0.428571429,3.714285714,5.714285714
283,7,384,43,0,0,0,54.85714286,6.142857143,0,0,0
960,1,10,1,0,0,0,10,1,0,0,0
2136,3,198,24,0,0,0,66,8,0,0,0
2113,3,287,35,2,30,14,95.66666667,11.66666667,0.666666667,10,4.666666667
2251,5,517,50,0,0,0,103.4,10,0,0,0
46,4,1089,117,0,0,0,272.25,29.25,0,0,0
1628,7,729,73,0,0,0,104.1428571,10.42857143,0,0,0
2314,7,1213,115,0,0,0,173.2857143,16.42857143,0,0,0
709,6,2396,218,0,0,0,399.3333333,36.33333333,0,0,0
1299,1,130,15,0,0,0,130,15,0,0,0
1771,5,373,40,3,17,30,74.6,8,0.6,3.4,6
701,3,170,19,4,4,19,56.66666667,6.333333333,1.333333333,1.333333333,6.333333333
2356,6,4444,490,3,9,28,740.6666667,81.66666667,0.5,1.5,4.666666667
908,6,511,49,0,0,0,85.16666667,8.166666667,0,0,0
732,1,15,2,0,0,0,15,2,0,0,0
887,3,389,41,3,9,18,129.6666667,13.66666667,1,3,6
1730,5,1560,163,5,14,20,312,32.6,1,2.8,4
1442,1,203,24,0,0,1,203,24,0,0,1
2383,7,1194,128,4,18,40,170.5714286,18.28571429,0.571428571,2.571428571,5.714285714
1911,4,1758,197,3,3,29,439.5,49.25,0.75,0.75,7.25
2387,2,603,80,4,45,14,301.5,40,2,22.5,7
944,3,132,15,0,0,0,44,5,0,0,0
108,7,611,76,0,0,0,87.28571429,10.85714286,0,0,0
1501,7,755,91,0,0,0,107.8571429,13,0,0,0
567,3,513,47,0,0,12,171,15.66666667,0,0,4
1303,2,386,35,1,5,2,193,17.5,0.5,2.5,1
224,1,108,12,0,0,0,108,12,0,0,0
1753,1,74,10,1,5,4,74,10,1,5,4
1667,3,320,29,0,0,0,106.6666667,9.666666667,0,0,0
2255,4,1527,155,0,0,0,381.75,38.75,0,0,0
1614,1,92,12,0,0,12,92,12,0,0,12
2343,6,1985,218,4,31,41,330.8333333,36.33333333,0.666666667,5.166666667,6.833333333
1333,2,206,29,2,30,14,103,14.5,1,15,7
48,3,886,95,0,0,0,295.3333333,31.66666667,0,0,0
1945,4,336,36,6,6,29,84,9,1.5,1.5,7.25
1974,1,22,1,0,0,0,22,1,0,0,0
97,7,724,80,9,18,42,103.4285714,11.42857143,1.285714286,2.571428571,6
1760,6,1991,227,5,34,24,331.8333333,37.83333333,0.833333333,5.666666667,4
1516,7,896,100,9,22.99,45,128,14.28571429,1.285714286,3.284285714,6.428571429
926,3,232,39,2,3,15,77.33333333,13,0.666666667,1,5
280,2,369,41,0,0,0,184.5,20.5,0,0,0
611,7,543,60,5,52,36,77.57142857,8.571428571,0.714285714,7.428571429,5.142857143
32,2,281,25,0,0,0,140.5,12.5,0,0,0
940,4,283,29,0,0,0,70.75,7.25,0,0,0
897,4,1992,218,0,0,0,498,54.5,0,0,0
679,2,245,36,0,0,2,122.5,18,0,0,1
1099,7,891,90,0,0,0,127.2857143,12.85714286,0,0,0
2128,6,2721,274,4,11,24,453.5,45.66666667,0.666666667,1.833333333,4
1569,1,33,8,0,0,0,33,8,0,0,0
1692,1,217,26,0,0,0,217,26,0,0,0
719,3,352,36,0,0,0,117.3333333,12,0,0,0
1766,1,68,5,0,0,0,68,5,0,0,0
1252,2,570,72,0,0,0,285,36,0,0,0
1423,1,243,28,0,0,4,243,28,0,0,4
689,3,394,39,0,0,18,131.3333333,13,0,0,6
2262,7,836,95,0,0,0,119.4285714,13.57142857,0,0,0
1372,2,282,32,0,0,0,141,16,0,0,0
782,7,578,51,0,0,0,82.57142857,7.285714286,0,0,0
1369,3,695,71,2,20,16,231.6666667,23.66666667,0.666666667,6.666666667,5.333333333
1450,5,464,57,4,11,25,92.8,11.4,0.8,2.2,5
1658,7,403,58,5,65,38,57.57142857,8.285714286,0.714285714,9.285714286,5.428571429
1830,6,1934,190,0,0,0,322.3333333,31.66666667,0,0,0
1631,7,392,45,0,0,0,56,6.428571429,0,0,0
1933,2,568,62,0,0,0,284,31,0,0,0
1563,5,1819,166,2,25,14,363.8,33.2,0.4,5,2.8
1786,1,82,6,0,0,0,82,6,0,0,0
236,3,606,70,6,43,22,202,23.33333333,2,14.33333333,7.333333333
771,2,644,68,0,0,0,322,34,0,0,0
620,3,288,38,4,53.01,14,96,12.66666667,1.333333333,17.67,4.666666667
392,3,970,102,0,0,0,323.3333333,34,0,0,0
1872,2,615,87,3,39.99,10,307.5,43.5,1.5,19.995,5
1915,6,1823,219,9,120,17,303.8333333,36.5,1.5,20,2.833333333
2248,7,645,70,11,17.99,37,92.14285714,10,1.571428571,2.57,5.285714286
2146,7,434,57,3,4,36,62,8.142857143,0.428571429,0.571428571,5.142857143
995,1,27,2,0,0,0,27,2,0,0,0
395,1,189,17,0,0,0,189,17,0,0,0
1141,5,1091,112,0,0,0,218.2,22.4,0,0,0
643,6,999,122,11,35.99,29,166.5,20.33333333,1.833333333,5.998333333,4.833333333
1412,6,607,65,0,0,0,101.1666667,10.83333333,0,0,0
455,5,494,51,7,74,27,98.8,10.2,1.4,14.8,5.4
337,2,177,14,0,0,0,88.5,7,0,0,0
721,2,286,30,2,25,9,143,15,1,12.5,4.5
130,2,438,47,0,0,0,219,23.5,0,0,0
1011,4,542,62,7,22,17,135.5,15.5,1.75,5.5,4.25
269,2,100,11,0,0,0,50,5.5,0,0,0
1279,2,183,25,6,36,15,91.5,12.5,3,18,7.5
1527,5,1241,137,2,3,31,248.2,27.4,0.4,0.6,6.2
2038,2,222,18,0,0,0,111,9,0,0,0
1675,6,809,73,0,0,0,134.8333333,12.16666667,0,0,0
371,7,538,66,5,36,44,76.85714286,9.428571429,0.714285714,5.142857143,6.285714286
9,6,448,54,6,80,31,74.66666667,9,1,13.33333333,5.166666667
265,1,76,2,1,5,2,76,2,1,5,2
508,3,407,48,5,26,20,135.6666667,16,1.666666667,8.666666667,6.666666667
1498,7,757,87,0,0,0,108.1428571,12.42857143,0,0,0
1564,1,117,9,0,0,0,117,9,0,0,0
30,7,269,21,0,0,0,38.42857143,3,0,0,0
605,6,1267,136,0,0,0,211.1666667,22.66666667,0,0,0
1268,1,129,12,0,0,0,129,12,0,0,0
706,7,630,70,0,0,0,90,10,0,0,0
536,1,33,3,1,3,3,33,3,1,3,3
1072,7,755,99,10,97,33,107.8571429,14.14285714,1.428571429,13.85714286,4.714285714
710,7,670,71,0,0,0,95.71428571,10.14285714,0,0,0
1353,2,184,16,0,0,3,92,8,0,0,1.5
1,7,658,84,8,19,42,94,12,1.142857143,2.714285714,6
2178,7,642,70,0,0,0,91.71428571,10,0,0,0
1545,1,42,5,0,0,0,42,5,0,0,0
1228,1,148,14,1,3,7,148,14,1,3,7
1735,1,19,3,0,0,0,19,3,0,0,0
1259,3,1490,168,0,0,0,496.6666667,56,0,0,0
1924,7,755,96,0,0,0,107.8571429,13.71428571,0,0,0
638,2,216,17,0,0,0,108,8.5,0,0,0
1024,3,388,34,2,40,29,129.3333333,11.33333333,0.666666667,13.33333333,9.666666667
155,7,320,26,0,0,0,45.71428571,3.714285714,0,0,0
1254,1,196,23,4,8,3,196,23,4,8,3
2000,3,193,20,1,3,14,64.33333333,6.666666667,0.333333333,1,4.666666667
21,7,527,52,8,18.99,41,75.28571429,7.428571429,1.142857143,2.712857143,5.857142857
2040,7,1171,125,0,0,0,167.2857143,17.85714286,0,0,0
2052,1,119,14,1,1,2,119,14,1,1,2
15,2,125,14,1,1,12,62.5,7,0.5,0.5,6
35,1,130,8,0,0,0,130,8,0,0,0
653,3,500,53,0,0,0,166.6666667,17.66666667,0,0,0
970,7,367,45,9,112.01,43,52.42857143,6.428571429,1.285714286,16.00142857,6.142857143
1090,4,1005,99,2,10,27,251.25,24.75,0.5,2.5,6.75
1885,4,305,39,2,23,9,76.25,9.75,0.5,5.75,2.25
390,7,819,88,8,19.01,44,117,12.57142857,1.142857143,2.715714286,6.285714286
1594,2,316,31,0,0,0,158,15.5,0,0,0
514,7,861,87,0,0,0,123,12.42857143,0,0,0
1547,6,1967,208,0,0,0,327.8333333,34.66666667,0,0,0
1746,3,684,71,0,0,0,228,23.66666667,0,0,0
1652,7,497,61,8,53,36,71,8.714285714,1.142857143,7.571428571,5.142857143
2209,5,950,95,8,37.02,32,190,19,1.6,7.404,6.4
123,7,386,33,0,0,0,55.14285714,4.714285714,0,0,0
1640,7,559,73,6,70,35,79.85714286,10.42857143,0.857142857,10,5
1429,7,587,53,0,0,0,83.85714286,7.571428571,0,0,0
2333,7,2093,228,0,0,0,299,32.57142857,0,0,0
420,3,312,43,5,9.01,17,104,14.33333333,1.666666667,3.003333333,5.666666667
1495,3,448,70,7,95.01,10,149.3333333,23.33333333,2.333333333,31.67,3.333333333
751,7,665,75,5,12.99,39,95,10.71428571,0.714285714,1.855714286,5.571428571
1894,4,1186,125,1,2,12,296.5,31.25,0.25,0.5,3
864,7,832,97,5,20,42,118.8571429,13.85714286,0.714285714,2.857142857,6
2009,7,359,50,6,70,51,51.28571429,7.142857143,0.857142857,10,7.285714286
1210,4,1000,118,6,37,16,250,29.5,1.5,9.25,4
622,1,72,4,0,0,6,72,4,0,0,6
1946,4,728,71,4,14,23,182,17.75,1,3.5,5.75
1644,3,393,33,0,0,0,131,11,0,0,0
1444,2,409,51,5,67,13,204.5,25.5,2.5,33.5,6.5
275,4,1998,224,0,0,0,499.5,56,0,0,0
1972,7,2121,230,8,56,49,303,32.85714286,1.142857143,8,7
2122,1,126,14,1,3,7,126,14,1,3,7
118,2,327,35,0,0,0,163.5,17.5,0,0,0
674,4,1079,117,0,0,0,269.75,29.25,0,0,0
911,6,3705,402,0,0,0,617.5,67,0,0,0
1856,7,690,83,8,8,38,98.57142857,11.85714286,1.142857143,1.142857143,5.428571429
547,4,249,27,0,0,0,62.25,6.75,0,0,0
1182,4,400,45,0,0,0,100,11.25,0,0,0
1891,2,119,13,0,0,2,59.5,6.5,0,0,1
1559,7,853,94,0,0,0,121.8571429,13.42857143,0,0,0
326,4,316,38,0,0,0,79,9.5,0,0,0
1936,4,1061,95,1,3,19,265.25,23.75,0.25,0.75,4.75
560,2,76,5,0,0,0,38,2.5,0,0,0
548,1,71,12,0,0,0,71,12,0,0,0
154,2,127,15,1,20,17,63.5,7.5,0.5,10,8.5
835,3,438,50,0,0,0,146,16.66666667,0,0,0
1028,7,714,70,0,0,0,102,10,0,0,0
1997,7,432,44,10,44,37,61.71428571,6.285714286,1.428571429,6.285714286,5.285714286
1229,7,639,71,0,0,0,91.28571429,10.14285714,0,0,0
165,7,624,70,10,150,30,89.14285714,10,1.428571429,21.42857143,4.285714286
127,7,626,75,10,150,35,89.42857143,10.71428571,1.428571429,21.42857143,5
1801,6,679,71,5,13,33,113.1666667,11.83333333,0.833333333,2.166666667,5.5
377,2,115,16,0,0,0,57.5,8,0,0,0
2086,1,83,5,0,0,0,83,5,0,0,0
2010,2,198,18,0,0,0,99,9,0,0,0
2263,7,635,65,0,0,0,90.71428571,9.285714286,0,0,0
2139,7,356,35,5,13,41,50.85714286,5,0.714285714,1.857142857,5.857142857
83,7,900,106,9,30.01,51,128.5714286,15.14285714,1.285714286,4.287142857,7.285714286
569,7,886,99,0,0,0,126.5714286,14.14285714,0,0,0
745,2,255,25,0,0,0,127.5,12.5,0,0,0
807,7,513,51,3,3,48,73.28571429,7.285714286,0.428571429,0.428571429,6.857142857
1349,7,274,31,0,0,0,39.14285714,4.428571429,0,0,0
2013,1,171,16,1,5,5,171,16,1,5,5
1606,1,165,15,0,0,0,165,15,0,0,0
2265,1,5,2,0,0,1,5,2,0,0,1
121,7,402,39,8,22,38,57.42857143,5.571428571,1.142857143,3.142857143,5.428571429
1096,1,8,1,0,0,0,8,1,0,0,0
1481,1,313,25,0,0,0,313,25,0,0,0
1548,3,397,41,4,12,17,132.3333333,13.66666667,1.333333333,4,5.666666667
922,6,2195,252,0,0,0,365.8333333,42,0,0,0
1609,6,444,54,8,19,35,74,9,1.333333333,3.166666667,5.833333333
1368,7,752,80,0,0,0,107.4285714,11.42857143,0,0,0
47,1,41,6,0,0,2,41,6,0,0,2
2068,2,671,70,0,0,0,335.5,35,0,0,0
936,2,192,23,2,25,10,96,11.5,1,12.5,5
461,4,1384,138,0,0,0,346,34.5,0,0,0
1038,7,1218,127,0,0,0,174,18.14285714,0,0,0
1806,3,359,43,5,33.01,35,119.6666667,14.33333333,1.666666667,11.00333333,11.66666667
1120,3,663,81,3,9,18,221,27,1,3,6
994,1,75,4,0,0,1,75,4,0,0,1
1264,7,695,95,10,15,33,99.28571429,13.57142857,1.428571429,2.142857143,4.714285714
103,4,1216,132,0,0,0,304,33,0,0,0
1681,4,378,49,6,17,18,94.5,12.25,1.5,4.25,4.5
351,2,89,14,0,0,0,44.5,7,0,0,0
365,6,572,60,2,22,25,95.33333333,10,0.333333333,3.666666667,4.166666667
2285,7,872,90,5,80,39,124.5714286,12.85714286,0.714285714,11.42857143,5.571428571
26,2,1343,139,2,2,8,671.5,69.5,1,1,4
1697,7,958,131,11,146.99,36,136.8571429,18.71428571,1.571428571,20.99857143,5.142857143
996,4,1533,156,8,8,18,383.25,39,2,2,4.5
1100,4,360,37,0,0,0,90,9.25,0,0,0
652,1,13,2,0,0,0,13,2,0,0,0
1329,7,491,59,7,21,30,70.14285714,8.428571429,1,3,4.285714286
1473,7,612,72,0,0,0,87.42857143,10.28571429,0,0,0
1593,1,444,44,0,0,5,444,44,0,0,5
845,7,749,95,0,0,0,107,13.57142857,0,0,0
1957,3,973,105,2,8,18,324.3333333,35,0.666666667,2.666666667,6
1713,1,50,9,2,2,3,50,9,2,2,3
2368,7,632,61,3,20,34,90.28571429,8.714285714,0.428571429,2.857142857,4.857142857
1620,1,1,1,0,0,0,1,1,0,0,0
14,1,93,6,0,0,0,93,6,0,0,0
1315,7,834,97,10,32.99,34,119.1428571,13.85714286,1.428571429,4.712857143,4.857142857
737,7,282,41,0,0,0,40.28571429,5.857142857,0,0,0
561,2,162,18,5,12,17,81,9,2.5,6,8.5
1164,6,783,85,0,0,0,130.5,14.16666667,0,0,0
356,3,1061,125,0,0,0,353.6666667,41.66666667,0,0,0
1249,6,3201,307,4,8,36,533.5,51.16666667,0.666666667,1.333333333,6
591,7,1126,115,0,0,0,160.8571429,16.42857143,0,0,0
1558,1,80,10,0,0,0,80,10,0,0,0
559,2,131,19,2,12,13,65.5,9.5,1,6,6.5
1537,5,860,111,1,2,27,172,22.2,0.2,0.4,5.4
1799,2,438,34,0,0,0,219,17,0,0,0
366,3,304,30,0,0,0,101.3333333,10,0,0,0
1055,3,734,74,2,4,18,244.6666667,24.66666667,0.666666667,1.333333333,6
2051,7,713,96,0,0,0,101.8571429,13.71428571,0,0,0
2,5,206,18,0,0,0,41.2,3.6,0,0,0
1979,6,313,33,0,0,0,52.16666667,5.5,0,0,0
2116,1,90,12,0,0,2,90,12,0,0,2
1191,7,597,64,0,0,0,85.28571429,9.142857143,0,0,0
978,2,208,26,0,0,0,104,13,0,0,0
34,4,665,79,9,95,31,166.25,19.75,2.25,23.75,7.75
1989,4,411,60,5,54,28,102.75,15,1.25,13.5,7
2152,2,132,10,5,15.99,7,66,5,2.5,7.995,3.5
1373,2,116,10,3,9,19,58,5,1.5,4.5,9.5
440,4,443,39,0,0,0,110.75,9.75,0,0,0
542,2,243,32,1,20,16,121.5,16,0.5,10,8
2330,4,607,75,0,0,0,151.75,18.75,0,0,0
1668,6,629,60,0,0,0,104.8333333,10,0,0,0
109,6,959,105,0,0,0,159.8333333,17.5,0,0,0
1103,4,317,34,8,30,20,79.25,8.5,2,7.5,5
143,4,386,42,6,20,28,96.5,10.5,1.5,5,7
1835,2,734,94,3,27,18,367,47,1.5,13.5,9
2218,7,723,82,5,19.99,43,103.2857143,11.71428571,0.714285714,2.855714286,6.142857143
1720,7,400,38,0,0,0,57.14285714,5.428571429,0,0,0
430,5,379,37,8,19,33,75.8,7.4,1.6,3.8,6.6
2344,4,744,82,0,0,0,186,20.5,0,0,0
2271,2,350,40,0,0,11,175,20,0,0,5.5
1574,1,275,24,0,0,8,275,24,0,0,8
1069,4,609,62,4,4.99,26,152.25,15.5,1,1.2475,6.5
2099,6,740,80,0,0,0,123.3333333,13.33333333,0,0,0
744,7,885,81,0,0,0,126.4285714,11.57142857,0,0,0
248,1,108,11,2,20,0,108,11,2,20,0
695,1,137,9,0,0,0,137,9,0,0,0
688,2,169,10,3,3,15,84.5,5,1.5,1.5,7.5
374,7,419,59,9,19,48,59.85714286,8.428571429,1.285714286,2.714285714,6.857142857
1042,8,543,57,4,23,35,67.875,7.125,0.5,2.875,4.375
2028,7,824,88,0,0,0,117.7142857,12.57142857,0,0,0
1163,7,567,67,8,24.01,36,81,9.571428571,1.142857143,3.43,5.142857143
2106,4,1039,98,0,0,0,259.75,24.5,0,0,0
1064,7,365,38,4,4,35,52.14285714,5.428571429,0.571428571,0.571428571,5
308,1,103,10,0,0,0,103,10,0,0,0
982,7,912,106,0,0,0,130.2857143,15.14285714,0,0,0
418,5,1295,142,0,0,0,259,28.4,0,0,0
2137,1,225,18,0,0,9,225,18,0,0,9
526,1,41,8,2,40,5,41,8,2,40,5
1624,2,236,28,4,19,21,118,14,2,9.5,10.5
114,1,35,5,0,0,0,35,5,0,0,0
708,7,371,36,0,0,47,53,5.142857143,0,0,6.714285714
2256,6,2565,284,0,0,0,427.5,47.33333333,0,0,0
1330,2,231,30,0,0,0,115.5,15,0,0,0
1076,7,407,45,0,0,0,58.14285714,6.428571429,0,0,0
